model_name,row_count,brier_score,brier_delta_vs_raw,log_loss,log_loss_delta_vs_raw,expected_calibration_error,ece_delta_vs_raw,calibration_intercept,calibration_slope,calibration_status
raw,492612,0.10047757545467774,0.0,0.31875213256618085,0.0,0.012113712211639188,0.0,-0.06594110160813316,1.0778767130174296,converged
platt,492612,0.10029490576728443,-0.00018266968739330536,0.31775865088359256,-0.000993481682588282,0.0018290024341330886,-0.010284709777506099,-0.016409880930334485,1.0045046703072555,converged
beta,492612,0.10030874743851778,-0.00016882801615995813,0.31776771509651086,-0.0009844174696699848,0.0027080002678674243,-0.009405711943771763,-0.016587915676259637,1.0052503839712377,converged
isotonic,492612,0.10044762731752381,-2.9948137153928966e-05,0.32394228927297203,0.0051901567067911825,0.005545890835396726,-0.006567821376242461,0.026778529521258216,0.9909738277046198,converged
