model_name,row_count,raw_brier,reliability,resolution,uncertainty,decomposed_brier,binning_residual,nonempty_bin_count,empty_bin_count,sparse_bin_count,status
raw,409,0.1030022004889975,0.005852568494039278,0.12410988718357219,0.22112493349513693,0.10286761480560402,0.00013458568339347332,10,0,5,ok
platt,409,0.10231880444372823,0.005516325848782461,0.12362816409700544,0.22112493349513693,0.10301309524691395,-0.0006942908031857126,10,0,5,ok
beta,409,0.10239660965868277,0.005852832051577418,0.12365062700314022,0.22112493349513693,0.10332713854357412,-0.0009305288848913407,10,0,5,ok
isotonic,409,0.10225148071523543,0.004315854072348002,0.12395158419217725,0.22112493349513693,0.10148920337530767,0.0007622773399277583,9,1,3,ok
binned_reliability,409,0.11095989743739838,0.011212001906779458,0.12076303370973951,0.22112493349513693,0.11157390169217687,-0.0006140042547784913,8,2,3,ok
hierarchical_eb,409,0.10960918271405902,0.0038859496274389524,0.11405243470655749,0.22112493349513693,0.11095844841601839,-0.001349265701959368,10,0,5,ok
