model_name,row_count,brier_score,brier_delta_vs_raw,log_loss,log_loss_delta_vs_raw,expected_calibration_error,ece_delta_vs_raw,calibration_intercept,calibration_slope,calibration_status
raw,409,0.1030022004889975,0.0,0.32898375835896715,0.0,0.05665036674816625,0.0,0.5720261482070627,1.485086899250309,converged
platt,409,0.10226870802325598,-0.000733492465741517,0.3237752659786243,-0.005208492380342822,0.06349569720632503,0.0068453304581587784,0.5471413435260724,1.34000476860416,converged
beta,409,0.10237233186948441,-0.0006298686195130854,0.3241540251984266,-0.004829733160540528,0.05696269071883001,0.00031232397066376094,0.5375477115332621,1.3391048222411737,converged
isotonic,409,0.10210247346145504,-0.0008997270275424574,0.3229344460394865,-0.0060493123194806375,0.0453367078097258,-0.011313658938440455,0.4476842336244549,1.238052408662041,converged
