model_name,row_count,brier_score,brier_delta_vs_raw,log_loss,log_loss_delta_vs_raw,expected_calibration_error,ece_delta_vs_raw,calibration_intercept,calibration_slope,calibration_status
raw,409,0.1030022004889975,0.0,0.32898375835896715,0.0,0.05665036674816625,0.0,0.5720261482070627,1.485086899250309,converged
platt,409,0.10231880444372823,-0.0006833960452692633,0.3238696486069311,-0.005114109752036022,0.05573020955708798,-0.0009201571910782691,0.5545336872416906,1.3372651230867811,converged
beta,409,0.10239660965868277,-0.0006055908303147228,0.3241493498521989,-0.004834408506768251,0.05689616833205901,0.0002458015838927574,0.5449861485031912,1.3357091722646979,converged
isotonic,409,0.10225148071523543,-0.0007507197737620652,0.32341758704350093,-0.005566171315466217,0.04534953173580089,-0.01130083501236536,0.4620458359138939,1.2423800170600814,converged
